test,dddd,ffff,eeeee,gggggtest,dddd,ffff,eeeee,gggggtest,dddd,ffff,eeeee,gggggtest,dddd,ffff,eeeee,ggggg /r/ntest,dddd,ffff,eeeee,ggggg /r/ntest,dddd,ffff,eeeee,ggggg \r\ntest,dddd,ffff,eeeee,ggggg \r\ntest,dddd,ffff,eeeee,ggggg \r\ntest,dddd,ffff,eeeee,ggggg \r\ntest,dddd,ffff,eeeee,ggggg
test,dddd,ffff,eeeee,ggggg
test,dddd,ffff,eeeee,ggggg
test,dddd,ffff,eeeee,ggggg
test,dddd,ffff,eeeee,ggggg
test,dddd,ffff,eeeee,ggggg
test,dddd,ffff,eeeee,ggggg
test,dddd,ffff,eeeee,ggggg
test,dddd,ffff,eeeee,ggggg
test,dddd,ffff,eeeee,ggggg
test,dddd,ffff,eeeee,ggggg
test,dddd,ffff,eeeee,ggggg
test,dddd,ffff,eeeee,ggggg
test,dddd,ffff,eeeee,ggggg
test,dddd,ffff,eeeee,ggggg
test,dddd,ffff,eeeee,ggggg
test,dddd,ffff,eeeee,ggggg
test,dddd,ffff,eeeee,ggggg
test,dddd,ffff,eeeee,ggggg
test,dddd,ffff,eeeee,ggggg
test,dddd,ffff,eeeee,ggggg
test,dddd,ffff,eeeee,ggggg
test,dddd,ffff,eeeee,ggggg
